dataset_id	sample_id	endotype_1	endotype_2	endotype_3
GSE163211	GSM4974866	1.0644135488961446	-2.230678164382239	-0.08379283340324105
GSE163211	GSM4974867	1.3311027296701876	0.44773968934020253	1.9960941168629984
GSE163211	GSM4974868	0.4812140537766928	-0.5456682638026289	0.15301502384281043
GSE163211	GSM4974869	2.148416641799532	-0.21433660803505172	1.9882682500459274
GSE163211	GSM4974870	1.2779978522325892	0.03589493799083186	0.6092710181197724
GSE163211	GSM4974871	2.5725533757069465	1.5772486476767287	3.262538058850614
GSE163211	GSM4974872	2.384926497338198	-0.6725155045103158	1.6120773020909012
GSE163211	GSM4974873	2.393239705555793	-1.1283134151410792	1.3577726760491795
GSE163211	GSM4974874	1.9634073177349143	-0.3102746363085974	1.3110684683649403
GSE163211	GSM4974875	0.6574431855071778	-0.1653658466604087	0.6801827913986674
GSE163211	GSM4974876	2.8313819294521987	0.3454725288362477	2.3300409738734995
GSE163211	GSM4974880	0.04817328955827057	1.208710417689119	0.2995537896978218
GSE163211	GSM4974881	0.14860587495524985	0.5398291012879869	0.0891160477439273
GSE163211	GSM4974882	0.3790070644313351	-2.4487109872263972	-1.6373516068368834
GSE163211	GSM4974883	0.24865221551519456	-0.49952293978566936	0.07802375806125728
GSE163211	GSM4974884	0.44783306324955374	-0.4678145908418262	-0.20117846317171145
GSE163211	GSM4974886	1.8217991266655784	-0.2425655172448305	1.6133706650962378
GSE163211	GSM4974887	1.087215995715254	-0.20491839753050725	1.1491813439089655
GSE163211	GSM4974888	1.9751922750254598	-1.3462897146633188	1.1766193308996071
GSE163211	GSM4974892	0.4039386356059596	-0.007217631607998295	0.6212389976627806
GSE163211	GSM4974894	2.6431998190879455	0.06573385635257258	1.5595830696770994
GSE163211	GSM4974896	1.4855341237085173	0.9425987310133804	2.359774822890352
GSE163211	GSM4974897	-0.8020032898976801	0.4548765857849922	-0.6837558371734783
GSE163211	GSM4974898	-0.4599460692051133	0.23901625234611665	-0.3411080066577723
GSE163211	GSM4974899	-0.8354547001439646	-0.14331466036136273	-1.2083344340027726
GSE163211	GSM4974900	-0.8943743950170607	0.19508394581457852	-1.1878269010938831
GSE163211	GSM4974901	-0.5877412501961206	0.624542021488806	-0.37472446489164085
GSE163211	GSM4974902	-0.8705967199984901	-0.7393192317522086	-1.7185158811429735
GSE163211	GSM4974903	-0.7243321111212074	-0.43030684729942636	-0.6667763754887468
GSE163211	GSM4974904	-0.7184134014184732	0.5346779313081321	-0.5127167872221641
GSE163211	GSM4974910	1.0529638548671827	1.1228963925568514	1.7797399142179133
GSE163211	GSM4974912	-0.5163574179495332	0.14168141188219285	-0.3542464097881617
GSE163211	GSM4974913	-0.6897219366446573	0.4237940156582451	-0.8878658106542887
GSE163211	GSM4974914	-0.7807195066319113	0.7197814574844271	-0.29150544615015334
GSE163211	GSM4974916	-0.6880998620050321	0.02501108921658898	-0.7041916161401637
GSE163211	GSM4974917	-0.4010789090877224	0.37697503275418665	-0.04288394302760575
GSE163211	GSM4974925	-0.6406129857751257	0.6492669824359689	-0.38339156618243136
GSE163211	GSM4974928	-0.5512029649618121	1.8783690319793145	0.42255005861486367
GSE163211	GSM4974929	-0.5527149470736784	1.2300066186739456	0.2783942684456386
GSE163211	GSM4974931	-0.6628551985392516	0.36480694836369715	-0.5280525763153433
GSE163211	GSM4974933	-0.5798565508206698	1.245601854948209	-0.1942880030627082
GSE163211	GSM4974935	-0.714432252197751	-0.201692502918589	-0.7681815545467683
GSE163211	GSM4974936	0.2768783809142466	-1.0327292627772604	0.05464139588972605
GSE163211	GSM4974941	-0.5371905183416364	0.4887704925430012	-0.20103685635770835
GSE163211	GSM4974944	-0.8222217197776388	0.6349865846881848	-0.5409486504490746
GSE163211	GSM4974951	-0.6634226556334848	-1.9289008116065762	-2.4289497762903576
GSE163211	GSM4974952	-0.25483306639590275	0.27598794090788287	-0.855497886010707
GSE163211	GSM4974953	-0.39304232082134666	1.2524251717056372	0.2931231697887897
GSE163211	GSM4974958	-0.6760363986373624	0.8561190366652722	-0.4293128848574483
GSE163211	GSM4974959	-0.7631112314314408	0.20596920913458563	-0.8004585998357092
GSE163211	GSM4974963	-0.6310637760272724	0.7812691285485094	-0.08517457012096827
GSE163211	GSM4974966	-0.6465756077809262	-0.9379743240249756	-1.4059344307935437
GSE163211	GSM4974967	-0.7431053516104039	0.44581637387899886	-0.31525133298617736
GSE163211	GSM4974969	-0.3737829879825609	-0.3329370982452233	-0.35438764538982703
GSE163211	GSM4974973	-0.015422003781847602	-1.0722428509515844	-0.3182758458730818
GSE163211	GSM4974974	-0.3844233109283846	-2.2545914399714095	-1.780670693950285
GSE163211	GSM4974977	-0.3144783543763633	-1.224893581754047	-0.41631302198127706
GSE163211	GSM4974980	-0.1598858062020852	-0.3946108127016571	-0.07395734844574961
GSE163211	GSM4974981	-0.7558650827163091	0.8131508576995123	-0.4489812147117327
GSE163211	GSM4974982	-0.27326198232916593	-0.3725408492174009	-0.015201730203840377
GSE163211	GSM4974983	1.8077459075541369	-2.494753470423422	0.7032542562221925
GSE163211	GSM4974984	0.020506924720978436	-2.354019160123757	-0.8486625157982975
GSE163211	GSM4974990	-0.2568420415428756	-0.3961109582075946	-0.008400753487701475
GSE163211	GSM4974995	4.251044476020045	-0.8823478391912201	3.239666464006213
GSE163211	GSM4974996	-0.6510374291345951	-0.809096145326244	-1.0035766581860541
GSE163211	GSM4974997	-0.4913988870685046	0.3203103563910671	0.021132556799602832
GSE163211	GSM4974998	-0.4559222001211999	-1.212750834718522	-0.8444835599598132
GSE163211	GSM4974999	0.7201341792622237	-0.6135451843994767	1.092989917175944
GSE163211	GSM4975000	0.23136575355243202	-0.437280467519024	0.5131282325928954
GSE163211	GSM4975001	0.024084269752445406	-0.2559237950985058	0.4591505499855863
GSE163211	GSM4975002	0.6257426441765181	-1.6679933311330768	0.36447851482038457
GSE163211	GSM4975003	-0.46779832331204313	0.6103294014683941	-0.1659379055603295
GSE163211	GSM4975004	-0.47343632096004395	-1.6319986607328418	-0.7150047485005965
GSE163211	GSM4975005	-0.7198177702992395	-0.12717040156721449	-0.33894501660726967
GSE163211	GSM4975006	0.12465607555893629	0.7821511398132923	1.2761169258113751
GSE163211	GSM4975007	-0.4140904290929551	-0.42119353937732384	-0.05891308293924814
GSE163211	GSM4975008	1.2477466094294418	-1.3671593688179065	0.9684936690743319
GSE163211	GSM4975010	-0.8036748449577735	-0.8914216283863976	-1.551762243365268
GSE163211	GSM4975011	0.9200101500287916	0.46388038037942525	1.6861315510384423
GSE163211	GSM4975013	-0.280922608001455	1.3397190638956233	0.7114716380127074
GSE163211	GSM4975014	-0.4915225563796515	-0.18690956051850446	-0.49906086708839037
GSE163211	GSM4975015	-0.8369375563786077	-1.3790624477743776	-1.4685095686605851
GSE163211	GSM4975016	-0.22645999972837205	0.9856951602359886	0.7120901657035514
GSE163211	GSM4975018	-0.39911659206903444	2.744297219669131	1.6828880425573962
GSE163211	GSM4975019	-0.5175845875812629	0.1864287630928168	0.010439745522051753
GSE163211	GSM4975021	-0.24668848487015765	0.250677861231796	0.18831591732751668
GSE163211	GSM4975023	-0.7512481014898338	0.6454126201729964	-0.19872128823626503
GSE163211	GSM4975024	-0.6537405652509156	1.2113319540914573	0.29116338685925935
GSE163211	GSM4975025	-0.7106494649066378	-0.09030316973104946	-1.0922635291429752
GSE163211	GSM4975026	-0.5598074246033578	0.8999539093019364	0.1395398586350036
GSE163211	GSM4975028	-0.8790860230041263	-0.7065455131833505	-1.2956699557891196
GSE163211	GSM4975029	-0.7297077038957748	-0.33164137282483086	-0.7544148508959838
GSE163211	GSM4975030	-0.8402247477386963	-0.021401663364309504	-0.8484485526636966
GSE163211	GSM4975031	-0.3032448899471606	-1.1278530112207288	-0.8379341179955819
GSE163211	GSM4975033	1.6322927232973843	-1.291249712390016	1.3318993740683065
GSE163211	GSM4975034	-0.3239546336024357	-0.184902854531613	0.03837015479956436
GSE163211	GSM4975035	-0.5285403774920693	-0.05398315693928619	-0.16605880240818335
GSE163211	GSM4975036	-0.4535813872381741	0.49730520928181077	-0.14557343610986648
GSE163211	GSM4975038	-0.41090170886308885	-1.2491530168556555	-1.1442748823562727
GSE163211	GSM4975039	-0.6844876340765418	-0.2741119977193548	-1.025063235009271
GSE163211	GSM4975040	-0.3860410986037825	2.990993119453405	1.3575647798022974
GSE163211	GSM4975042	-0.35236102520933954	2.530617327592645	1.1290986788321826
GSE163211	GSM4975043	1.848937875928738	-1.8294465921686078	0.8558221471155613
GSE163211	GSM4975044	-0.7362883894987219	0.037921020279019196	-0.5413653952492093
GSE163211	GSM4975047	-0.7167962235790275	0.692841287333755	-0.28321012810107726
GSE163211	GSM4975048	-0.6721480987725327	-0.09673513668486827	-0.8166556067548224
GSE163211	GSM4975051	-0.8106604515353317	0.21533158742312852	-0.7121693533961498
GSE163211	GSM4975052	-0.6324687583391317	0.5621605235968801	-0.4322731026955497
GSE163211	GSM4975054	-0.5010598907275537	0.21111462462781624	-0.17205986089190753
GSE163211	GSM4975055	-0.5474841749118671	1.9707534561741393	0.7354709848498566
GSE163211	GSM4975057	-0.3615888072464309	1.697972025349564	0.1497144644032716
GSE163211	GSM4975058	-0.6689417378934857	1.226950379538155	0.10359403167111235
GSE163211	GSM4975059	-0.7411037579237989	0.6012220737642725	-0.3188543018105096
GSE163211	GSM4975060	-0.6947708972515124	0.7769810962047073	-0.2070101212597336
GSE163211	GSM4975061	-0.6220904787172364	-0.5714367800604396	-1.2231319792297712
GSE163211	GSM4975065	-0.25715595585481316	1.6477793285092213	0.9618056604318054
GSE163211	GSM4975068	0.8617176804190011	-0.5580295516100685	1.069174011075157
GSE163211	GSM4975069	-0.6971992369769706	-0.07159915837484665	-0.6554759449622826
GSE163211	GSM4975071	-0.4176859198607209	-0.5317067152826304	-0.4662035063185068
GSE163211	GSM4975072	-0.7485558174418161	0.09794154279625106	-0.6265334167455572
GSE163211	GSM4975073	-0.6174236274310448	-0.2711418928046925	-0.6583117175904836
GSE163211	GSM4975074	-0.7270123250868123	0.28315371192276434	-0.5733667967942209
GSE163211	GSM4975076	-0.49066778440303405	0.8345041956211637	0.04214874263266408
GSE163211	GSM4975077	-0.48857190070938455	-0.5725983354669638	-0.8861648524150594
GSE163211	GSM4975078	-0.5900616652622329	-0.06257110824666999	-0.31186197539491894
GSE163211	GSM4975079	-0.27859898430541563	-0.25843802537532373	-0.10061833396318401
GSE163211	GSM4975080	-0.6519357612951859	0.06795256018628575	-0.48076571113027733
GSE163211	GSM4975081	-0.7395647562675612	-0.3905580627962826	-0.771043295392806
GSE163211	GSM4975083	-0.8035416525806208	-0.07751181086667057	-0.7344596566366919
GSE163211	GSM4975086	-0.5245024831211397	1.7037272122446692	0.5178810272360606
GSE163211	GSM4975087	-0.4407517578084501	0.43229999134054037	-0.3816201549949383
GSE163211	GSM4975108	-0.3080669563895956	1.3031184195015513	0.699523504908293
GSE163211	GSM4975112	-0.6356508141207767	0.15318510367726965	-0.6449297608679185
GSE163211	GSM4975113	-0.6696601796146422	0.9565324707958173	0.09229519257973863
GSE163211	GSM4975114	-0.35799203422098547	-0.09949845742789222	-0.22426398007143405
GSE163211	GSM4975118	-0.5487963183783464	-0.3659354795123509	-0.5988003350326208
GSE163211	GSM4975119	-0.4370036709134546	0.5294385106473686	-0.0074301635590909645
GSE163211	GSM4975120	-0.7523509376229692	0.1777807235754279	-0.6691828060994901
GSE163211	GSM4975127	-0.5075878539638923	0.5829845643278893	-0.46590621135186805
GSE163211	GSM4975131	1.1120816658711243	-0.7465352969998932	0.4772318460190862
GSE163211	GSM4975132	0.73292243971241	-0.14284238707123753	0.4016107787969905
GSE163211	GSM4975135	2.044608201702142	-0.6488546596959415	0.3625252022754251
GSE163211	GSM4975136	3.1055275769289588	0.23505933967055392	2.9257368565001434
GSE163211	GSM4975137	0.23389309589377255	-1.1243642413458281	-0.7797329544303684
GSE163211	GSM4975139	0.20409250433538959	-0.8722554193822006	-0.2609385432510367
GSE163211	GSM4975140	0.4389410675926334	1.9111224028845704	1.2091865858297846
GSE163211	GSM4975141	1.8732182107639015	-0.30044745530497063	1.0680062547353635
GSE163211	GSM4975143	0.7862590748735223	-2.371124026253018	-2.404183142025541
GSE163211	GSM4975145	0.01986459834402112	-0.7875463506470659	-0.4869575661455824
GSE163211	GSM4975148	2.4944632192151297	1.0326347147308772	1.6627628160080874
GSE163211	GSM4975150	0.4593310651270871	-1.682746076941439	-1.5671454276272403
GSE163211	GSM4975160	-0.04025550905029686	0.3979297637622556	-0.1601943127065446
GSE163211	GSM4975166	-0.559632023136305	-0.1927583999764382	-0.5455684292985107
GSE163211	GSM4975170	-0.5715868939390923	0.6932037784819294	0.09399562135655345
GSE48452	GSM1178970	0.47289197958779744	1.005021053660304	0.7471143844743567
GSE48452	GSM1178972	1.844309459746143	1.1954544962161362	1.3172306769780966
GSE48452	GSM1178973	-0.93749687045065	0.15133726502763148	0.2951169128973939
GSE48452	GSM1178974	0.13505032500894573	0.9401575981281826	0.24895435253173548
GSE48452	GSM1178975	-0.18223375792666036	-0.06671627088513223	0.39853189338434614
GSE48452	GSM1178976	1.300163808505801	0.46513559657880704	0.15044376949703436
GSE48452	GSM1178977	0.6535133631878467	1.2330788658028786	1.0533892013200157
GSE48452	GSM1178978	-0.6881157547075606	0.6037220414552414	0.1698017830846471
GSE48452	GSM1178979	0.7965192124297721	0.3173294862715594	0.9391479360467372
GSE48452	GSM1178981	-0.10669259079200609	0.30278637619093823	0.09159908397782494
GSE48452	GSM1178982	0.6248212678722698	0.617572021770701	0.5332851155286615
GSE48452	GSM1178983	0.2269268522821426	0.494176546210973	0.6203273262954139
GSE48452	GSM1178984	1.2208629861705715	1.8280637933655328	1.3950493392678056
GSE48452	GSM1178985	0.5269074762309923	1.3633218265754747	1.0527091990761643
GSE48452	GSM1178986	-1.390409151405931	-0.5259566940219541	-0.35110593266626106
GSE48452	GSM1178987	0.07416837434028514	-0.28092845901669244	-0.41617351835910793
GSE48452	GSM1178988	0.62095230153913	0.24897887056447537	0.1967932739646213
GSE48452	GSM1178989	0.18690470947494503	0.17493956777536318	0.08184050307629279
GSE48452	GSM1178990	-0.3689622886321529	-0.791362078242891	-0.4277140018595037
GSE48452	GSM1178991	-1.1930136193446574	-0.7459428474556815	-0.008508406280091772
GSE48452	GSM1178992	-0.8057491426711578	-0.27182534291874483	-0.40195911897699615
GSE48452	GSM1178993	1.0656142561163333	0.6149673574341669	1.008982405684386
GSE48452	GSM1178995	0.34190255815140674	0.6824113025641119	0.3962750899048089
GSE48452	GSM1178996	-0.4621747680653211	-0.6787633017628626	-0.7135439729850735
GSE48452	GSM1178997	-0.5549608777264903	0.12347239606408252	0.0006377000932994559
GSE48452	GSM1178998	0.08399781072581822	-0.9543277986520822	-1.218382058433293
GSE48452	GSM1178999	0.272562873126691	-1.542449583379352	-0.42294374931163514
GSE48452	GSM1179000	-0.7384376837835295	0.6354699396117557	0.5048681273600015
GSE48452	GSM1179001	0.2898655538887237	-0.8507916325568492	-1.3277131350842188
GSE48452	GSM1179002	-0.184181230474392	-1.7191770425222965	-2.394166033298684
GSE48452	GSM1179003	0.6006272068276189	-0.9723377230354735	-1.0089533621645106
GSE48452	GSM1179004	-0.0012520091765566206	-0.3450631482339831	-0.2156964575544275
GSE48452	GSM1179005	-0.7204029885293508	0.043207043192341935	-0.34295391034312284
GSE48452	GSM1179006	-1.6367567572059563	-1.63305779675531	-1.5381040718924965
GSE48452	GSM1179007	-0.12444133920000507	0.32712060615336774	-0.07584319182145804
GSE48452	GSM1179009	0.7707979421686498	0.25368171492432573	0.2822489645434514
GSE48452	GSM1179010	-1.0898093289159945	-2.631747157366619	-3.487316994525088
GSE48452	GSM1179011	0.6481202146287846	0.4081133039085244	0.8401633479375894
GSE48452	GSM1179012	-1.073137569662785	-0.8330219476680191	-1.077762717791322
GSE48452	GSM1179013	-1.2665707444185161	0.02694703164173914	-0.22121336650049067
GSE48452	GSM1179014	-1.9865170558024876	-1.197931309147998	-1.093280333071729
GSE48452	GSM1179015	-2.086640192364601	-1.293237871223749	-1.4611616903689846
GSE48452	GSM1179016	-2.2075058645754546	-2.0611884980653428	-1.7375863223078307
GSE48452	GSM1179017	-0.451658778488543	-2.569813772838623	-2.0690814361933376
GSE48452	GSM1179018	-1.6606496818960201	-1.2914461920068712	-1.8531956916300902
GSE48452	GSM1179019	-0.15236803082714898	1.836719531398641	1.3518129601838575
GSE48452	GSM1179020	0.6852365767821654	1.248365784067949	1.2298312760127077
GSE48452	GSM1179021	-0.1765329402702427	-1.696314423376401	-0.9517583470121797
GSE48452	GSM1179022	-0.8213980800084622	0.9819928095410011	0.6071444593049327
GSE48452	GSM1179023	-0.6358315302790369	0.7458030868865766	0.6670975173921848
GSE48452	GSM1179024	-1.1248564910195966	0.19737057805605177	0.3533432776345308
GSE48452	GSM1179025	2.1085717106285355	1.2004003739842473	1.4463397599325842
GSE48452	GSM1179026	-0.27685928478150745	-1.1876500631950817	-1.1607366776337782
GSE48452	GSM1179027	1.1101928301584068	0.1328683957754928	0.2998799458668893
GSE48452	GSM1179028	-0.002064089227019511	1.4193848426368116	1.2146643300541136
GSE48452	GSM1179029	-0.5844408785653683	-0.4107123266862049	-0.19744605391677245
GSE48452	GSM1179030	1.6884763434934713	1.1493226016343132	1.2861712325087606
GSE48452	GSM1179031	0.028436560237870584	1.0586883236540723	0.9989623323076001
GSE48452	GSM1179032	-0.5539369056258877	0.3705229731596863	0.3643012899683814
GSE48452	GSM1179033	0.3940092981690293	0.47065407407974996	0.46213402496940953
GSE48452	GSM1179034	-0.9051888466849282	0.0037676397466613397	0.21826522816268457
GSE48452	GSM1179035	1.3624498163555505	-0.10934843166265333	-0.18872105635687036
GSE48452	GSM1179036	1.2160604802646557	0.44667267964598867	0.6544497578540558
GSE48452	GSM1179037	0.6414733451319176	-0.0507372327685936	0.16564232437759238
GSE48452	GSM1179038	-0.30197351057089994	-0.6351597542443868	-0.44582988123551603
GSE48452	GSM1179039	0.4879484118754301	0.31797474331864406	0.6575309606691504
GSE48452	GSM1179040	0.6674538136825009	-0.20288129341495587	0.24764523280701883
GSE48452	GSM1179041	1.7307119931966282	0.9798074795524016	1.2947394373910868
GSE48452	GSM1179042	2.5747189220900464	0.9331079748779014	0.964385755252643
GSE49541	GSM789110	1.380322934442975	0.9437788008962353	0.8109492509591294
GSE49541	GSM789111	0.19381445138926537	-0.1038942875239072	-0.3281429871427436
GSE49541	GSM789112	0.5785462059973298	0.3548660759832365	0.8176835027307946
GSE49541	GSM789113	0.4898500338225964	1.0312983757950376	1.162114184134378
GSE49541	GSM789114	0.21889301276336517	0.12563016805282134	0.49559816363465753
GSE49541	GSM789115	1.1122074549960195	-0.21594673285117072	-0.04403426923786495
GSE49541	GSM789116	-0.47640284010345174	-0.4386938671418744	0.2724755291029468
GSE49541	GSM789117	-0.31800057185637937	0.5332399981660392	0.6552709468352927
GSE49541	GSM789118	0.1965686174327059	0.16521169233112917	0.3482480505042033
GSE49541	GSM789119	0.25482169713342184	-0.4994974475652578	-0.08646489923195015
GSE49541	GSM789120	0.11791427132954418	-0.18443367257539248	-0.2265224631566772
GSE49541	GSM789121	1.0877127170338226	0.9973237260630823	1.1272109306256572
GSE49541	GSM789122	-0.7767668754116543	0.031050742192820394	-0.40214872844916977
GSE49541	GSM789123	-1.3485437462537415	-1.2765589217338529	-1.1257611294669267
GSE49541	GSM789124	-0.15561105436655692	-2.1317302434475143	-0.8994844338176163
GSE49541	GSM789125	0.8755774952621993	0.35225697037486065	0.1804497733993467
GSE49541	GSM789126	0.42684542331651065	1.1230546408655757	0.6892754998799927
GSE49541	GSM789127	0.7495684132434993	-1.4602679635754392	0.07026588314719762
GSE49541	GSM789128	-2.227258376899554	-1.6887203906304833	-2.098982702832217
GSE49541	GSM789129	-0.09068212814621572	0.15168692300197875	-0.41057945620038144
GSE49541	GSM789130	1.0849295335840619	1.272911323041197	1.2845320505996338
GSE49541	GSM789131	-0.3409828890102757	0.505004193383074	0.2609901290374692
GSE49541	GSM789132	-1.1060055890742122	-0.43636709118356276	-0.7916428505610972
GSE49541	GSM789133	-0.6143924431890104	-0.41641142605426956	-0.9403144397646727
GSE49541	GSM789134	-0.48321620501149426	0.4125318339556728	0.2906968348671872
GSE49541	GSM789135	-0.40306871044888715	0.8368121690857333	0.49805987054702566
GSE49541	GSM789136	-1.4557427727371295	-0.0745788439366614	-0.3031498926452729
GSE49541	GSM789137	1.0246049785353153	1.3367082184189207	1.317030360815191
GSE49541	GSM789138	1.4522806594079596	0.5713143014565696	0.8671955121540516
GSE49541	GSM789139	0.9956644601459906	1.1655890453766355	1.2349700592366064
GSE49541	GSM789140	-0.1393775420504848	-0.6673616329020735	-0.9152573779538803
GSE49541	GSM789141	-0.43506988894804366	0.2516756527452055	0.1807088143153372
GSE49541	GSM789142	-0.36158237757015604	0.9267990362354908	0.7447928269189508
GSE49541	GSM789143	-1.3361732945375244	-1.8570762338886537	-1.4290425372017714
GSE49541	GSM789144	0.2290957709552451	1.0675598742808476	0.7190801311931665
GSE49541	GSM789145	0.2826114964265201	-0.1441958145716911	-0.814818693157694
GSE49541	GSM789146	-0.5455774334694702	-0.34169510158202987	-0.0020421144923279686
GSE49541	GSM789147	0.6370916647175093	0.28721705117429736	0.6157522133153762
GSE49541	GSM789148	-0.8599076429654443	-0.2617874757523507	-0.6547093015621626
GSE49541	GSM789149	-1.0795032346854072	-0.01042035183044074	-0.40760785745172723
GSE49541	GSM789150	-1.4746224020154515	-1.572576818242688	-1.8978766726709688
GSE49541	GSM789151	0.8950444726549768	-0.5097503569011749	-0.6683303519623964
GSE49541	GSM789152	-1.0488482325247375	-3.8351976508187393	-2.9176795779490905
GSE49541	GSM789153	0.7803175532087937	0.11181386390270633	0.8149106276723337
GSE49541	GSM789154	-1.8776353971375865	-2.12890126556039	-1.0738828095875173
GSE49541	GSM789155	0.7084627865379508	0.01893962821838729	0.48378625463130226
GSE49541	GSM789156	0.1621244655578217	0.2566531623838853	0.19117497430962893
GSE49541	GSM789157	-0.11755131031355237	0.6971616558464295	1.0227559289930213
GSE49541	GSM789158	-0.9747139014878402	-0.7698061455153599	-1.3759710435666073
GSE49541	GSM789159	1.52905362653874	1.6010134764007906	2.098772079829592
GSE49541	GSM789160	-3.141972872764849	-2.2575695591038256	-3.027844027628751
GSE49541	GSM789161	-1.292815883229031	0.5449104650048029	-0.15714935309489433
GSE49541	GSM789162	0.335082644374214	-0.20354501273883047	-0.10970384680395927
GSE49541	GSM789163	2.099721012415196	1.3390239216266386	1.387145222450685
GSE49541	GSM789164	1.9730896106014775	1.263330423293377	1.4866302086988683
GSE49541	GSM789165	0.7774629708164437	1.3677752512945087	1.5848703158311543
GSE49541	GSM789166	-0.059499686994734576	0.44770872425722674	0.4361249622243257
GSE49541	GSM789167	0.2925649885563385	-0.2831626631628104	-0.6730176903057904
GSE49541	GSM789168	0.011237657695325086	0.14367701745923195	-0.2868267726541593
GSE49541	GSM789169	0.590538947884049	0.15582813788406555	-0.22148390104066626
GSE49541	GSM789170	-0.9549885289131493	-0.4785980133290302	-0.5355320148558852
GSE49541	GSM789171	1.439636502906629	1.141794911433724	0.9398860012244593
GSE49541	GSM789172	-0.935285667057043	-0.3739628902326356	-0.7472960283208107
GSE49541	GSM789173	-0.4663013012877418	-0.07359793743413885	-0.3046268258608119
GSE49541	GSM789174	0.41561555232442726	0.5779008210018614	0.2107972646794377
GSE49541	GSM789175	-0.6471073137312247	-0.8927801075237929	-1.08200754262892
GSE49541	GSM789176	-0.005195864491886973	-0.13582905696175004	0.36939636517116853
GSE49541	GSM789177	1.6793753980109447	1.0946295586728383	1.2564171295315987
GSE49541	GSM789178	0.44562778486552634	0.7781754424806031	0.6596592614285608
GSE49541	GSM789179	0.9092862159056854	0.8166839772655178	1.0436577803266591
GSE49541	GSM789180	0.35685914041271005	-0.3457260320678044	-0.596835712707882
GSE49541	GSM789181	-1.2396186445191866	-0.7299002429634603	-1.0725645889911246
GSE130970	GSM3758005	0.4034089343951071	0.11548363254886704	-0.06053930177492212
GSE130970	GSM3758006	0.3371259095126116	0.21629115754990463	0.2761094314239496
GSE130970	GSM3758007	0.7749004829055548	0.7141614539400486	0.2671471892457407
GSE130970	GSM3758008	0.9992658147341438	1.0077545348358534	0.7413725594342967
GSE130970	GSM3758009	2.8866018345156634	-1.4349332184100567	-2.6897955936529643
GSE130970	GSM3758010	-1.0774689881306605	-0.9468042465534531	-1.0598107729657922
GSE130970	GSM3758011	-1.5611931316687528	-0.8101226571728477	-1.9421662280305119
GSE130970	GSM3758012	-0.9823418070465237	-0.09646556604158113	-0.969708677017413
GSE130970	GSM3758013	0.25662706034275157	0.3326871152882131	0.1188381114650189
GSE130970	GSM3758014	-0.497209444941356	0.5069505735782696	0.33730938627179086
GSE130970	GSM3758015	0.15163301836564544	-0.6676717564199984	-0.23025740782435508
GSE130970	GSM3758016	0.4108336917741012	0.07807303159176852	0.08980240143122932
GSE130970	GSM3758017	-0.5763952316875132	-0.2648861708642471	-0.5195414895514888
GSE130970	GSM3758018	0.3312640902473739	0.1040180295332014	-0.03074036194621866
GSE130970	GSM3758019	-1.2476739713584426	-1.2787896678475945	-1.0307780152078017
GSE130970	GSM3758020	-0.3383045704885496	0.10919662329501911	-0.08020667395875222
GSE130970	GSM3758021	0.34127162132759314	0.2964445556295076	0.12585457826706095
GSE130970	GSM3758022	-0.8682706798476265	-0.7218024792874704	-0.7106153271698983
GSE130970	GSM3758023	-0.07530171915105772	0.09672303250979167	0.09068020988437378
GSE130970	GSM3758024	0.22370991844683324	0.22303817103305082	0.46258817714131234
GSE130970	GSM3758025	1.488702263431316	1.7322027488232845	1.6080918122013121
GSE130970	GSM3758026	1.1098722558412277	1.3140941126319727	1.1850622654663134
GSE130970	GSM3758027	1.2241545157310432	1.0935559355526168	1.2700155820683667
GSE130970	GSM3758028	0.04841925153794572	-0.19593155975159568	0.14996115312755826
GSE130970	GSM3758029	-0.15605108482640417	-0.45836259563452825	-0.574272994862044
GSE130970	GSM3758030	0.029704380202195044	0.047049670265436314	-0.21213931244861894
GSE130970	GSM3758031	-0.2993759917008813	-0.560118430076553	-0.3587223021134199
GSE130970	GSM3758032	-1.6472033825946826	-1.8634654410461355	-1.6593014609962378
GSE130970	GSM3758033	0.7617201000563051	-0.47885061389959793	-0.9637249753820034
GSE130970	GSM3758034	1.1625699954565485	0.7631574797606459	0.4691443223208225
GSE130970	GSM3758035	0.12748012176412965	0.5950239268690181	0.505008610416246
GSE130970	GSM3758036	-0.44815851896583053	-0.21460419530268643	0.057852694269600054
GSE130970	GSM3758037	-0.3031171073815844	-0.261997699164763	0.3243241380082017
GSE130970	GSM3758038	-0.19227758357029776	-0.6656839854851636	-0.18641538183924278
GSE130970	GSM3758039	0.10891131173626227	-0.09785307407475063	0.03322673758767532
GSE130970	GSM3758040	1.0619224838970487	0.8245529585169256	0.9335319624982449
GSE130970	GSM3758041	0.7920752542177611	-0.04657226040842401	0.6322284413477888
GSE130970	GSM3758042	0.1985770498561407	0.08119226209409355	0.25775318165262295
GSE130970	GSM3758043	0.2051207015064986	0.4449626483641829	0.5694584311652306
GSE130970	GSM3758044	-0.11191628294394246	-0.08166410856807278	0.3035199080118912
GSE130970	GSM3758045	-1.863036795067605	-2.220326057809472	-1.9818949573706393
GSE130970	GSM3758046	-0.27432188090877824	-0.40591350858935105	-0.09175184528621194
GSE130970	GSM3758047	-2.059755890331184	-3.3645010966101756	-2.7788140736738853
GSE130970	GSM3758048	2.059047535436442	2.335045646558275	2.312345711129308
GSE130970	GSM3758049	2.4567767769251336	1.669843489454093	1.876557595377529
GSE130970	GSM3758050	1.1885242137777414	1.244677352399008	1.2701112895369353
GSE130970	GSM3758051	-2.3380597086404338	-1.6397899947105443	-1.920864532828639
GSE130970	GSM3758052	-0.6718180759606287	-0.8091718757439925	-0.6878287766075886
GSE130970	GSM3758053	0.12822349906545058	0.5762852517325271	0.7309592611708711
GSE130970	GSM3758054	0.41171429480866883	0.8399789226791858	1.010435212799208
GSE130970	GSM3758055	0.10896633256776458	0.9556040149748768	0.6976955834880453
GSE130970	GSM3758056	-0.17265129853122385	-0.23837897146006962	-0.0854002414096091
GSE130970	GSM3758057	-0.6268217977369064	-0.3959560890924616	-0.665610922871356
GSE130970	GSM3758058	0.7692607283584207	0.3398096287779132	0.23921613142194426
GSE130970	GSM3758059	-0.6909275811882453	-0.5778177500009223	-0.45657191207229736
GSE130970	GSM3758060	0.043736415702449676	0.36865378888384737	0.24014210109553547
GSE130970	GSM3758061	-0.07188254437364884	0.311516342908328	0.30558118455558697
GSE130970	GSM3758062	0.31865477873265674	0.5474023315938817	0.548705584557671
GSE130970	GSM3758063	0.5834829431384606	0.8664017425479165	0.7763939214922656
GSE130970	GSM3758064	-0.35986879979006	-0.06934010307298508	0.07347395586252273
GSE130970	GSM3758065	0.21708870117578594	0.27331067606794546	0.08084039697489462
GSE130970	GSM3758066	-1.5241050285113205	-1.1821455927655407	-1.1157607732825612
GSE130970	GSM3758067	0.7333221941402809	1.1618408084139853	1.5228090806533752
GSE130970	GSM3758068	-0.19341756189532097	-0.20233258047886613	-0.17487782763356557
GSE130970	GSM3758069	-0.9705736991859217	-0.44225341222810327	-0.9503107704781353
GSE130970	GSM3758070	-0.5098613535299668	-0.08661731606784881	-0.149028016488483
GSE130970	GSM3758071	-0.6384607754085357	-0.19932823278805728	-0.006531727558900364
GSE130970	GSM3758072	0.6792585028254228	-0.1546720721689874	0.12518715707496317
GSE130970	GSM3758073	1.137048512955083	1.731856932381903	1.573094497401561
GSE130970	GSM3758074	0.9746792526696794	1.2864554270252666	1.1630694038484626
GSE130970	GSM3758075	-0.26347361563821414	0.8234212385640728	0.7973123837882212
GSE130970	GSM3758076	-3.462643696118408	-3.582716188571658	-3.0339492117462865
GSE130970	GSM3758077	-0.42281249248432284	-0.24264372523127054	-0.010167283977183972
GSE130970	GSM3758078	0.01472645230283925	0.4585037960340075	0.37634860382479557
GSE130970	GSM3758079	-0.43992387499665336	-1.0659523267700224	-0.6860641964873541
GSE130970	GSM3758080	0.6286384870049188	0.6530747655088582	0.5362569883560678
GSE130970	GSM3758081	0.12112374861855563	0.3472012001840058	0.6313926445732736
GSE130970	GSM3758082	-0.07346946540607086	0.5389396092682773	0.3773533728246979
GSE162694	GSM4957321	0.0994853283947227	0.6080400380238126	0.5980909099412388
GSE162694	GSM4957322	0.02972130049649156	0.39841538540568666	0.3570997965060575
GSE162694	GSM4957324	-0.32194776682685877	-0.23681131428594288	-0.6382228747621488
GSE162694	GSM4957325	-0.1598900285975712	0.20241558988777172	0.05187393763616457
GSE162694	GSM4957327	-1.3516680964446623	-0.9547292397337003	-1.1549073311743958
GSE162694	GSM4957328	-1.4744813287202847	-1.2962724781770456	-1.4543531948768493
GSE162694	GSM4957329	-0.9774740512726598	-0.44676765076933883	-0.4578879938662894
GSE162694	GSM4957332	-0.47990357880825923	-0.2466416563154752	-0.24375507201543023
GSE162694	GSM4957333	-1.1581185234578915	-0.8448288489210868	-1.1148444202666834
GSE162694	GSM4957334	-1.064425306750841	-0.7007465848842604	-1.0330484383233474
GSE162694	GSM4957335	3.1715334888292834	3.3930892168577707	3.068272878066122
GSE162694	GSM4957337	2.039856814611709	0.6178032673206875	-0.008745974799090459
GSE162694	GSM4957338	2.889585131861582	1.9545516356846666	1.559371960132134
GSE162694	GSM4957339	2.0164428528155227	3.243216986965043	2.9326452151973292
GSE162694	GSM4957340	2.6643966545128572	1.770461518677755	1.4716487960573024
GSE162694	GSM4957341	1.2768129204580059	2.191539843130158	2.080607998811517
GSE162694	GSM4957342	1.5294415927591933	2.43896963761061	2.2765734330768375
GSE162694	GSM4957343	0.8542838765454005	0.9308195259508666	0.9614197958098911
GSE162694	GSM4957344	0.633006427571679	0.5742989542277759	0.563976592231215
GSE162694	GSM4957345	-1.290957625399392	-1.3068431076667701	-1.3940613818375227
GSE162694	GSM4957346	0.6969748311029401	1.1069009022759024	0.947249087063274
GSE162694	GSM4957347	-1.642662747780857	-1.2875380979541424	-1.4408553661656798
GSE162694	GSM4957348	-0.16375445464119542	-0.2928393390126422	-0.2755355373526882
GSE162694	GSM4957349	0.2637128540939123	-1.3941001686643362	-1.5328361870849077
GSE162694	GSM4957350	-0.6079785449597929	-0.38103209419524503	-0.4777730173328678
GSE162694	GSM4957351	-0.5582048655099026	0.027320390452049013	-0.23228545870581999
GSE162694	GSM4957352	-1.257534751196708	-0.6727125486858512	-1.0068120460188954
GSE162694	GSM4957353	-1.2033503073878762	-1.6398132420602527	-1.7205997121376657
GSE162694	GSM4957354	-0.0691686617257302	-0.9820225721267603	-0.986495688522133
GSE162694	GSM4957355	-0.5186354482959387	-0.7788562161723794	-0.9442992031341196
GSE162694	GSM4957356	-0.2105530650639175	-0.5326933309999121	-0.44956726726035073
GSE162694	GSM4957357	-0.3412584095493186	-0.4851452593192816	-0.5148415686686213
GSE162694	GSM4957359	-0.3790998756315944	-0.8670678588867443	-0.758930098021074
GSE162694	GSM4957360	-0.2931117366968755	-0.2994550739110628	-0.3051605897723224
GSE162694	GSM4957361	-0.7428890971386987	-0.21565601945564972	-0.6035135773890353
GSE162694	GSM4957362	-0.4823778515923355	-0.1199599982477987	-0.39966182061533195
GSE162694	GSM4957363	-0.781552463210281	-0.8497877159358488	-0.7564678095198909
GSE162694	GSM4957364	-0.37106142945202253	-0.23648674357251656	-0.10725855350293492
GSE162694	GSM4957365	2.7313382939845297	2.5433858056970085	2.7579809745905286
GSE162694	GSM4957366	0.4947888487516346	-1.860161403950149	-1.705022054159125
GSE162694	GSM4957367	0.20341376076362966	-0.5553788568712	0.15876126383027767
GSE162694	GSM4957368	0.34031753460316205	-0.7361239831939157	-0.10072218228639482
GSE162694	GSM4957369	1.1678400722108404	0.43234556438390453	0.9380528433786407
GSE162694	GSM4957370	2.1710222750481574	1.223558991622953	1.5928682893856185
GSE162694	GSM4957371	-0.40515512865309977	0.37839807011828697	0.2434089485837674
GSE162694	GSM4957372	0.7035136810797817	0.6923118338421246	0.9909479407089403
GSE162694	GSM4957373	-0.13334700649854095	-0.8861093868880766	-0.4642026670665681
GSE162694	GSM4957374	1.8641688180828824	0.9484061873852174	1.6509151035908443
GSE162694	GSM4957375	0.9021461969137214	-0.15170071796811468	0.381688297562111
GSE162694	GSM4957376	1.6175246144888176	-0.2847458438157071	0.6473409118028577
GSE162694	GSM4957377	2.005043883944636	1.2606896870470605	1.8417150473053217
GSE162694	GSM4957378	0.17815799728852164	-0.7913118642320891	-0.32117370556079133
GSE162694	GSM4957379	1.2464686573733061	0.3061806250987156	1.0470320398142778
GSE162694	GSM4957380	0.06876807470987625	-0.4337932164683919	-0.039005512872576274
GSE162694	GSM4957381	-0.2550391798048685	-0.2975460246692568	-0.3287552052001188
GSE162694	GSM4957382	0.2722731631300966	-0.4584950451348647	0.08455588302339677
GSE162694	GSM4957383	-0.6408442956448335	-1.3620825681183868	-1.1605196153965898
GSE162694	GSM4957384	0.42782897766289574	0.4839075294129228	0.6209572896249488
GSE162694	GSM4957385	-0.19882395391083132	-0.33946897135157295	-0.4024256599689601
GSE162694	GSM4957386	-0.1357282849615805	0.25574338943739755	0.2266633277291238
GSE162694	GSM4957387	-0.4585825333252397	0.17437787241249575	0.14448286703423202
GSE162694	GSM4957388	0.3941994767363797	-0.25300172757732586	-0.48477278534324925
GSE162694	GSM4957389	-0.5240428734573462	-0.18562243285588403	-0.1408391371781389
GSE162694	GSM4957390	-0.7017839349217371	-0.9919090805253149	-0.907031158637863
GSE162694	GSM4957392	-0.4928557510908977	0.09771539964125339	-0.13723179854030446
GSE162694	GSM4957393	-0.557594440294495	-0.021918426061755234	-0.47304620088794463
GSE162694	GSM4957394	0.36685651822822934	1.012529348713335	1.1193110969335394
GSE162694	GSM4957395	1.9168496420196302	0.9724468113087487	0.4226746143251544
GSE162694	GSM4957396	-1.1351313372100031	-1.4957597186132499	-1.3271780107344504
GSE162694	GSM4957397	-0.8436443856803119	-1.2729418923634797	-1.1241398473635544
GSE162694	GSM4957399	-0.9544922638610415	-0.8384221521072757	-0.943934878265672
GSE162694	GSM4957400	-0.4823426822618902	-0.43024467842675956	-0.3262258607156781
GSE162694	GSM4957401	-0.5339928726793077	-0.9636299335315858	-1.064369792535125
GSE162694	GSM4957403	-0.0037235152496921443	-0.5559493819480021	-0.7397497949818596
GSE162694	GSM4957405	-0.32156893081889254	0.14051071089544928	0.06912239071891367
GSE162694	GSM4957407	-0.976943536505524	-1.104789883373338	-1.2157187186118263
GSE162694	GSM4957408	-1.2998987182236432	-1.5095373589967436	-1.3876544623970222
GSE162694	GSM4957410	-0.09277597111835723	-0.26049506990026455	0.11255649986717595
GSE162694	GSM4957411	-0.04471439360944274	0.09686969301782994	0.34275612195046573
GSE162694	GSM4957412	-0.5521024644725192	-0.1100304539130855	0.01317776670443201
GSE162694	GSM4957414	-0.5548634129261518	0.27528838599419425	0.04463148346899243
GSE162694	GSM4957415	-1.0645754964708956	-1.1993580800291952	-1.091842240517012
GSE162694	GSM4957416	-0.2512241180774441	-0.293345633367277	0.06079089309875323
GSE162694	GSM4957417	-0.28160683339091375	0.04685628211197665	0.17110386160314453
GSE162694	GSM4957419	-0.5278783230683465	0.030661651213176665	-0.059711052496295235
GSE162694	GSM4957420	0.08251585897061972	0.4676651934231889	0.3978129055793779
GSE162694	GSM4957422	-0.10712010717302818	0.18552490354303605	0.35805044275088876
GSE162694	GSM4957424	-0.02233547603979716	0.14196992683962487	0.13732187394472625
GSE162694	GSM4957426	0.05356721815987029	0.4749932695063134	0.34379275508277135
GSE162694	GSM4957428	-0.7547255404727848	-0.2108638851373318	-0.4852480020763381
GSE162694	GSM4957431	-0.7843246190050324	-0.18727040246611099	-0.27360582149354745
GSE162694	GSM4957432	-0.050846826544003514	0.5182139656566006	0.5639382435651953
GSE162694	GSM4957433	0.1740458135811092	0.12865879543925046	0.08135635572079924
GSE162694	GSM4957436	-0.22534328937405704	0.34248525907301625	0.39113348987010915
GSE162694	GSM4957442	0.803187919264391	0.8493539744588909	1.161339336593988
GSE162694	GSM4957443	0.1294042918151015	0.4123682020329086	0.5263499531749611
GSE162694	GSM4957445	0.27902404742896786	0.49420867942807223	-0.09224091860438655
GSE162694	GSM4957446	-0.10350579368942198	0.9555318732181833	0.5879983924323446
GSE162694	GSM4957447	-0.4021995379190173	0.38064359886773114	0.20387789010670665
GSE162694	GSM4957448	0.6836766707512367	0.6675981760113724	0.6006644282456222
GSE162694	GSM4957449	-0.5071827080464	0.35091140892008366	0.21287831370761334
GSE162694	GSM4957450	0.8568325700647976	1.4215374183139342	1.5034163716376514
GSE162694	GSM4957451	0.3899926893027295	0.8225235341312461	0.7205236695464314
GSE162694	GSM4957452	0.5587067433454469	0.761063964126388	0.8598547104644139
GSE162694	GSM4957454	-1.7717585290264994	-1.6151601310476909	-1.8014433501596152
GSE162694	GSM4957455	-0.4387782117320386	-0.659613774447012	-0.5620916301396525
GSE162694	GSM4957457	-1.4061926211169102	-1.0020225350965766	-1.171324857998532
GSE162694	GSM4957458	-0.995292629351462	-1.3085576020681589	-1.3314185570239512
GSE162694	GSM4957459	0.6133123134343468	2.199766988118665	1.7146701509608138
GSE162694	GSM4957460	-1.119896522088424	-0.6717452816273438	-0.838819885147091
GSE162694	GSM4957461	-0.019901571465680366	-0.12593263612881336	-0.16383215712413482
GSE162694	GSM4957462	-0.8253000598487786	0.08880133129222896	-0.23928773593849229
GSE135251	GSM3998167	-0.7476571574065585	-0.3418834089348044	-0.20997877412483387
GSE135251	GSM3998168	-1.2239704764551609	-1.1033761468576162	-1.4639273221015465
GSE135251	GSM3998169	-0.5324567085294049	-0.2529456559686479	-0.4612858646790221
GSE135251	GSM3998170	0.6708075001572036	0.6226620635812083	0.47414703922481927
GSE135251	GSM3998171	-0.12563779288250132	0.0725570614877216	0.1697997825018138
GSE135251	GSM3998172	-0.09531178228694749	0.12707215655120402	0.10977224454958585
GSE135251	GSM3998173	-0.24279298407728264	-0.687132576113838	-0.5299012637267639
GSE135251	GSM3998174	-0.540135398099027	-0.22222816826111508	-0.3740331052059697
GSE135251	GSM3998175	-1.5271565424034061	-0.8212799756726346	-0.9732566979989264
GSE135251	GSM3998176	-0.7996079217596032	0.08958331576046569	-0.22861211502436857
GSE135251	GSM3998177	0.03613660262333819	1.0969409419221496	0.9450870627851566
GSE135251	GSM3998178	-0.2683834122528856	0.31247520178681965	-0.028451425907601215
GSE135251	GSM3998179	-0.9374602221080423	-0.5441445344214111	-0.8274182158989852
GSE135251	GSM3998180	-0.6395028740049558	-0.2134231775899417	-0.4209512132936374
GSE135251	GSM3998181	-1.3269467930904164	-0.2937487124337724	-0.46519817603938096
GSE135251	GSM3998182	-0.46439229945328225	0.391911115606501	0.3550416346086013
GSE135251	GSM3998183	-1.8006951897581311	-0.7243899225210169	-1.3158214037279041
GSE135251	GSM3998184	-0.1739237750082695	0.8196029689906302	0.272344635057804
GSE135251	GSM3998185	0.6163000044856973	1.2964510134341272	0.9093025621302311
GSE135251	GSM3998186	-0.22363479733323605	0.8152661501683303	0.7978939317549837
GSE135251	GSM3998187	-0.5240110643487957	-0.029391985881994518	-0.39206006800068294
GSE135251	GSM3998188	0.7155986981235221	0.8925923106146182	0.5472638103297184
GSE135251	GSM3998189	-0.32773178858071733	0.3337953058713283	0.057671810675206825
GSE135251	GSM3998190	-1.236129597072131	-0.5457033515459156	-0.8461765853476605
GSE135251	GSM3998191	0.05595623546996978	-0.046023408206031444	-0.335315030728828
GSE135251	GSM3998192	-0.36581479595746097	-0.6394464512727602	-0.46221167959361853
GSE135251	GSM3998193	-1.8212005652198617	-1.0067088482771487	-1.4236877182319
GSE135251	GSM3998194	-1.6142808012766836	-0.7261781763209967	-1.1185923805219595
GSE135251	GSM3998195	-0.2861845811003689	-0.2108517875350746	-0.34053945419001475
GSE135251	GSM3998196	-1.123777419433039	-1.4245142320325597	-1.3661868478936259
GSE135251	GSM3998197	0.8343611281240227	0.4987442311156569	0.75406245583601
GSE135251	GSM3998198	1.4248297641534977	1.840522147238152	1.7042220102976227
GSE135251	GSM3998199	0.3061516672314677	-0.030822862736103122	-0.08879796148953441
GSE135251	GSM3998200	0.138742754266646	0.175777112495915	0.2930909105809147
GSE135251	GSM3998201	-0.10538120730464898	-0.7170754956713035	-0.9040641339739093
GSE135251	GSM3998202	-0.04957008367613686	-0.4115800937533182	-0.18867776450771795
GSE135251	GSM3998203	-0.37820491029508524	-0.24292183437131412	-0.10926626374070973
GSE135251	GSM3998204	-1.1301162941972114	-1.0617880207515002	-1.0377475314628528
GSE135251	GSM3998205	-1.2300367055211372	-0.6896310867773546	-0.7040784803253686
GSE135251	GSM3998206	-1.156939299046456	-0.8391414009562708	-0.7487947057929061
GSE135251	GSM3998207	-1.296543857455481	-1.003090669743114	-1.3232123391950699
GSE135251	GSM3998208	-1.5134914974339222	-0.8176522840167118	-1.1909911806447122
GSE135251	GSM3998209	-1.1460571351109103	-0.5920683201285726	-0.9609812972335466
GSE135251	GSM3998210	-0.4604452591426597	-0.9448594000023306	-0.8576853230922176
GSE135251	GSM3998211	-1.3938029414588278	-0.8919886223581501	-1.2023849012323784
GSE135251	GSM3998212	-1.4972714831211336	-0.7551310697912409	-0.9567352220445767
GSE135251	GSM3998213	1.4039924460807536	1.5404716529964668	1.5971549455541394
GSE135251	GSM3998214	-0.5243312837689962	-0.9011374206982833	-1.189373969450102
GSE135251	GSM3998215	-0.843032234002922	-0.007131750085278961	-0.6534754481094194
GSE135251	GSM3998216	-0.05402978717991648	0.11173760473997342	-0.3944345697314012
GSE135251	GSM3998217	-2.1133108460148993	-1.3940922509751827	-1.8154975963358966
GSE135251	GSM3998218	-0.8901828604639136	-1.1061274503794554	-1.0067987980076594
GSE135251	GSM3998219	0.4213167895482804	1.1445977302593993	1.2372251427162257
GSE135251	GSM3998220	-1.4819762524642581	-0.0955754068060956	-0.7278489296324957
GSE135251	GSM3998221	-1.8640621809337694	-1.0587099943313918	-1.9025682246456648
GSE135251	GSM3998222	-1.3129045191709343	-0.5960781019706152	-0.990886913198554
GSE135251	GSM3998223	-1.2376443674901831	-0.7671454898499812	-1.3582521402190004
GSE135251	GSM3998224	-2.0640261690635473	-1.3864960073362338	-2.0223967084021286
GSE135251	GSM3998225	3.6192306244018364	0.87504992221895	1.2320815065335209
GSE135251	GSM3998226	2.302332350682829	1.5642448554722495	1.411469644983186
GSE135251	GSM3998227	1.188758264545197	-0.11625013136054138	0.23324059431939725
GSE135251	GSM3998228	1.3281590666084229	1.785097119923352	1.9174186372346802
GSE135251	GSM3998229	-0.5042249039869806	-0.5803935419587841	-0.606142202311845
GSE135251	GSM3998230	-0.9818346595228826	-1.8868598092822293	-1.7030715763400208
GSE135251	GSM3998231	-1.134784662629578	-0.21924052410582534	-0.399249284499305
GSE135251	GSM3998232	1.119086377133979	-0.860084511973631	0.46336884873567435
GSE135251	GSM3998233	0.9657477333297594	-0.7432588269572196	-0.45047094027082213
GSE135251	GSM3998234	-0.888956665051069	-0.5202261423485337	-0.6617226934793682
GSE135251	GSM3998235	0.6142647748226634	1.3949946350123266	1.2764120056113297
GSE135251	GSM3998236	0.12512857826841856	0.24304043358036326	0.11978396972818532
GSE135251	GSM3998237	-0.8598973777381819	-0.6233772412362536	-0.6372326977707153
GSE135251	GSM3998238	1.7996384089892268	0.9870201112102416	1.634012046308275
GSE135251	GSM3998239	-0.5736617270741237	0.08851251991174801	-0.49418953991518844
GSE135251	GSM3998240	0.296479990188609	0.28687282927554564	0.4140002853146641
GSE135251	GSM3998241	-0.40493395898141077	0.1253021792437817	-0.013127735567069308
GSE135251	GSM3998242	-0.5682958943229591	-2.106277953348368	-1.8727481275198503
GSE135251	GSM3998243	-0.49742238029650643	-0.9170987252444157	-0.6470941403400162
GSE135251	GSM3998244	0.19937042082453452	0.02946566728567008	0.4546796008189091
GSE135251	GSM3998245	0.26792163509159084	0.24845299789029776	0.4173709052641372
GSE135251	GSM3998246	0.5354225703852461	0.242418968629889	0.628473752491158
GSE135251	GSM3998247	1.2763888771083163	2.226643623535197	2.4111008224960337
GSE135251	GSM3998248	0.5511895003578583	0.46077496140478025	0.45642473166078323
GSE135251	GSM3998249	0.4779755756783745	1.6333026031094022	1.618597489333989
GSE135251	GSM3998250	0.8513769587586086	1.302996688098575	1.3736080800778339
GSE135251	GSM3998251	0.7708790148566727	0.48150048559755537	0.5210256719665531
GSE135251	GSM3998252	0.3729478136754936	0.5074197687525367	0.6205754120252395
GSE135251	GSM3998253	0.24059497107759675	-0.2930022833660111	-0.15725716673547158
GSE135251	GSM3998254	0.7588719265345304	0.5654168079669202	0.8994641511898855
GSE135251	GSM3998255	-0.11863763406307223	0.9651990669394506	1.0293509915883912
GSE135251	GSM3998256	-0.6555834066671832	-0.8175737192368389	-0.46704296681846036
GSE135251	GSM3998257	0.6475176813326325	0.3559538071490859	0.43701925359252414
GSE135251	GSM3998258	1.779880386042174	1.1700743536314273	1.0880845125917644
GSE135251	GSM3998259	-3.0337955408954462	-3.498435445619258	-3.2944449196867778
GSE135251	GSM3998260	0.08025029065868608	-1.9041996890953654	-0.9582532394295086
GSE135251	GSM3998261	-0.4036157834235992	0.6724523304876951	0.22355216560783592
GSE135251	GSM3998262	0.3962988964306623	0.8155067761481768	0.7321435004852912
GSE135251	GSM3998263	0.14615795866224499	1.066864220882449	0.8409307625716493
GSE135251	GSM3998264	0.9508782182857547	1.1003411526069327	0.9205573905965088
GSE135251	GSM3998265	0.14051246373270163	1.0283374759699069	0.8514173534214619
GSE135251	GSM3998266	-0.131148385099263	0.8466097372402833	0.7281330446330218
GSE135251	GSM3998267	0.21598176924178003	1.131470754823777	0.954180605181156
GSE135251	GSM3998268	-2.1404990085999676	-2.800130675778949	-2.7778831986175585
GSE135251	GSM3998269	-0.2326277026593879	0.4502677944270923	0.18138160146672122
GSE135251	GSM3998270	1.0004941312161386	2.264936491003998	2.1853422894542662
GSE135251	GSM3998271	0.730104910518024	1.459415162115321	1.400126997074011
GSE135251	GSM3998272	0.6615502266493761	0.8944105649868539	1.0382079149956502
GSE135251	GSM3998273	-0.3772855290435515	-0.20587185747243691	-0.19073932925596698
GSE135251	GSM3998274	0.2614103646699473	0.732485991442704	0.5901460473241432
GSE135251	GSM3998275	-0.1655167031022886	0.4595265868067737	0.30589793729281844
GSE135251	GSM3998276	0.04420641349336118	-0.16674330747537378	-0.08095336906169055
GSE135251	GSM3998277	-1.9682556686541453	-1.7685410419867837	-1.6905204656851895
GSE135251	GSM3998278	-0.9192996815857306	-1.1045665492985801	-0.771577866251366
GSE135251	GSM3998279	0.13801087946305257	0.37005502879648416	0.2771041209827122
GSE135251	GSM3998280	-2.5603756108161115	-3.567030643957763	-3.3625708274302704
GSE135251	GSM3998281	0.27869731358140687	0.14868711338106422	0.01203374135509657
GSE135251	GSM3998282	0.2281947049710044	0.7425031256906156	0.3968814472932367
GSE135251	GSM3998283	-1.6208594188863779	-1.5337029914260263	-1.4743121139378381
GSE135251	GSM3998284	-0.2562512854509414	-0.48620351846448595	-0.5571504575317109
GSE135251	GSM3998285	0.7247521344393791	-2.026177189072478	-1.366142224224936
GSE135251	GSM3998286	0.8210083518013278	1.7414314857055428	1.5560337583918136
GSE135251	GSM3998287	0.06806010335425863	0.8728638542795418	0.7233638468541329
GSE135251	GSM3998288	-0.5416049829051321	0.18829498283911691	0.159469527546056
GSE135251	GSM3998289	-0.26093823671579663	0.6238620509392117	0.22456196519816765
GSE135251	GSM3998290	3.3546863771329707	3.8224767959711725	3.4966572821683237
GSE135251	GSM3998291	0.7018035938531364	0.8226318498062294	0.7698040459776525
GSE135251	GSM3998292	-0.8060060830200331	-0.09912872782846983	-0.31360353120170015
GSE135251	GSM3998293	-0.40064185038193173	-0.2916176450676703	-0.2613641041989983
GSE135251	GSM3998294	-0.10268814175052332	0.609646423865087	0.5239441304483673
GSE135251	GSM3998295	-0.4401286199826087	0.7764276731394754	0.43954388483564355
GSE135251	GSM3998296	-0.6672773304947116	0.5942031071320217	0.17391351106692232
GSE135251	GSM3998297	-1.3894505429394703	-0.06643956473348944	-0.5741738111063535
GSE135251	GSM3998298	-0.3799480928036125	0.4890580516312956	0.21150330240741472
GSE135251	GSM3998299	0.15446442062889257	1.3432055098347382	1.295048263335851
GSE135251	GSM3998300	-0.21542783173637134	0.758673802430895	0.47749215789358185
GSE135251	GSM3998301	1.5233708518076794	1.5565404506572895	1.1125722689699737
GSE135251	GSM3998302	0.8864435268123029	0.52910317555463	0.7715743131745739
GSE135251	GSM3998303	0.41538962617776837	-0.037946262466864285	0.4680430142011446
GSE135251	GSM3998304	1.3465722849632835	1.2270958187560073	1.4134653058596325
GSE135251	GSM3998305	1.1184959890935313	1.5571927360986242	1.841867130824721
GSE135251	GSM3998306	-0.732392912142378	-0.2954691589730639	-0.3680255527479149
GSE135251	GSM3998307	1.0928183329871461	0.820969319150522	1.2022860975969039
GSE135251	GSM3998308	0.5937786077655368	0.9579222452921243	1.067834772369175
GSE135251	GSM3998309	-0.12068243981443082	0.6704274607221125	0.2716579487067159
GSE135251	GSM3998310	-1.0009513955927802	-0.1319320787258748	-0.3503428026978123
GSE135251	GSM3998311	1.4658393499253415	2.435220449669514	2.5157720548644296
GSE135251	GSM3998312	0.6075765334145309	0.34342360539330435	0.47392668025727436
GSE135251	GSM3998313	-0.007296879628993367	-0.2262965422239599	-0.15498870108390858
GSE135251	GSM3998314	0.44171096439732205	0.9482813730419875	0.5140696861951453
GSE135251	GSM3998315	0.14682808914069312	1.2013922711777183	1.0100584055939528
GSE135251	GSM3998316	0.28280185117423945	0.8861585939401473	0.8777739868306852
GSE135251	GSM3998317	-0.1083768608199423	0.9674857532547756	0.5954988273600101
GSE135251	GSM3998318	0.5615091341543966	1.2429831521351464	1.0025384255413181
GSE135251	GSM3998319	-0.0930432737272164	0.31930090542799233	0.4889690463310876
GSE135251	GSM3998320	0.252577821003183	0.47238954440276254	0.6112419983161221
GSE135251	GSM3998321	0.4306981730095393	0.7289814932842674	0.9717678959846183
GSE135251	GSM3998322	0.302774643912444	0.7779723366055372	0.7085218449536963
GSE135251	GSM3998323	-0.10143161760606978	0.7345854796899326	0.4408533350734633
GSE135251	GSM3998324	0.2118643499751518	0.49054513580479925	0.07597091908551959
GSE135251	GSM3998325	0.006799449263715758	0.8208388714139498	0.8869732337881505
GSE135251	GSM3998326	-0.3250485565940093	0.28525336535590806	0.3058100115385384
GSE135251	GSM3998327	1.475080041610259	0.06892215546517722	-0.2571154047531247
GSE135251	GSM3998328	0.7159351377638905	1.0753948245422562	0.9339912244173899
GSE135251	GSM3998329	0.33879300616539404	0.8319671416398209	0.06366163227095079
GSE135251	GSM3998330	-1.347954412713044	0.023831941692186987	-0.5025291365131535
GSE135251	GSM3998331	0.19725389031756652	-0.08268510840502319	0.12237126608966611
GSE135251	GSM3998332	2.1556681332902268	-0.14792885837531675	0.11008867018444972
GSE135251	GSM3998333	-0.6796604005386775	-1.653384697178757	-1.3271857909547529
GSE135251	GSM3998334	1.0356423505031815	0.8465550289863268	0.6300971811660799
GSE135251	GSM3998335	-0.23780974600378468	-0.6580600915276997	-0.6733338206671917
GSE135251	GSM3998336	-1.0688355176378914	-0.565519897282859	-0.5107423196816018
GSE135251	GSM3998337	0.6804488274575656	1.289036935505383	1.3058548254428881
GSE135251	GSM3998338	-0.24629579000491342	-0.7338795455596332	-0.5562550447176833
GSE135251	GSM3998339	1.621894916500772	0.7049056927444802	1.6438860445393455
GSE135251	GSM3998340	1.2775622296679046	0.06973043526062468	0.8966596715221025
GSE135251	GSM3998341	-1.6232702950306461	-1.5840525493375597	-1.6597123209209836
GSE135251	GSM3998342	0.11722984786242477	-0.43015389599124365	-0.12283442821621
GSE135251	GSM3998343	-1.2345548966515933	-1.636140484051073	-1.5673824253713875
GSE135251	GSM3998344	-0.49786730763717807	-0.6951973786257181	-0.31438684120767046
GSE135251	GSM3998345	-0.03528728804380343	-0.7009631132741067	-0.1986485826535795
GSE135251	GSM3998346	1.5043010770936995	0.2584334076267334	0.9653901735499816
GSE135251	GSM3998347	1.6405821932184577	0.2950832651514775	0.7354834501456236
GSE135251	GSM3998348	1.0047753017234353	-0.31693652830909064	0.32720544768864973
GSE135251	GSM3998349	1.2750308385466427	0.12001621993271543	0.9281327473491614
GSE135251	GSM3998350	0.6561108564819237	-0.6632446725094071	-0.4998970386816743
GSE135251	GSM3998351	0.18955170372398297	-0.8598446671444621	-0.4444502752809338
GSE135251	GSM3998352	0.9365659068327977	0.12278142952525566	0.7621698653960836
GSE135251	GSM3998353	0.2468644775397287	-0.6744847685922306	-0.015432730205249596
GSE135251	GSM3998354	1.2357316114014802	-0.28269281107636585	0.3094228111142997
GSE135251	GSM3998355	0.9881539835982023	-0.552076140141134	-0.31682597950232716
GSE135251	GSM3998356	0.22086482002759533	-0.7252160358673013	-0.19740539632958876
GSE135251	GSM3998357	0.925477323904885	-0.010879890633596049	0.28484637631955406
GSE135251	GSM3998358	-0.13171192379011035	-0.32630487017672394	-0.23099932864233388
GSE135251	GSM3998359	1.8603626235760393	-0.25449371766527257	-0.1898112291780006
GSE135251	GSM3998360	-0.0012007473564755488	-1.135808502819265	-0.663519111107289
GSE135251	GSM3998361	0.26382427588145796	-0.46208233794454523	-0.05981606064744564
GSE135251	GSM3998362	0.012678888724605394	-1.8076543691784963	-1.7576973631787773
GSE135251	GSM3998363	0.4142680176500527	-0.4993412681618233	0.07960192572930548
GSE135251	GSM3998364	1.1387212958231996	-0.13210566733427628	0.3828745586862802
GSE135251	GSM3998365	1.020121081412748	-0.43226045214882414	0.34021387360836924
GSE135251	GSM3998366	-0.11252886683417257	-0.8022473675857994	-0.26111084849846555
GSE135251	GSM3998367	1.3403907700324504	-0.542059060671139	0.16196990860653887
GSE135251	GSM3998368	1.7652558804228564	1.038578427876408	1.4509967911277435
GSE135251	GSM3998369	-0.8836449691270898	-2.033557569201692	-1.4830139852580235
GSE135251	GSM3998370	0.13832979667071998	-0.3365023614920557	-0.5287578319829535
GSE135251	GSM3998371	-0.2987516324005325	-0.33470120475076115	-0.8594147590339012
GSE135251	GSM3998372	0.03488085894722929	0.001103559617657589	-0.2941269438570929
GSE135251	GSM3998373	0.01665851054273844	-0.517884899476229	-0.46993448521557407
GSE135251	GSM3998374	-0.9077968480166507	-1.1308196448016938	-1.2023562334414808
GSE135251	GSM3998375	-0.8423289270386242	-0.5845070640790242	-0.5504621698496671
GSE135251	GSM3998376	-0.82090092925041	-1.0932875935753001	-1.4057864098933945
GSE135251	GSM3998377	-0.13030450689016795	0.2331534320493276	-0.01466488629797239
GSE135251	GSM3998378	0.5819501491902941	-0.6441041433890101	-1.3056486248258596
GSE135251	GSM3998379	0.40288414251114496	0.3058464380267723	-0.0873825808702457
GSE135251	GSM3998380	-0.5359027198975849	-0.7011211698728277	-0.6853025925378718
GSE135251	GSM3998381	0.32647044557960403	-0.2712668736998208	-0.14819534524799036
GSE135251	GSM3998382	1.7848194713671932	-0.7554211319863414	-0.697891481055635
